Species,Family,Country
nigra Vinson,Nephilidae,['Madagascar']
inaurata (Walckenaer),Nephilidae,['Madagascar']
madagscariensis Vinson,Nephilidae,['Madagascar']
fatalis Harold,Buprestidae,['Angola']
wellmani (Kerremans),Buprestidae,['Angola']
wellmani Kerremans,Buprestidae,['Angola']
amplipennis (Fahr.),Buprestidae,['Angola']
castanea (Olivier),Buprestidae,['Benin']
feldspathica White,Buprestidae,['Angola']
funebris Boheman syn,Buprestidae,['Zimbabwe']
interrupta (Olivier),Buprestidae,['Benin']
orissa Buquet,Buprestidae,"['Botswana', 'South Africa', 'Zimbabwe']"
"confinis Laporte de Cast.
syn",Cerambycidae,['Zambia']
capensis White syn,Cerambycidae,['Zambia']
maculatus (F.) syn,Cerambycidae,['Zambia']
trifasciata (F.),Cerambycidae,"['Congo', 'Niger', 'Nigeria']"
tribulus Fabr.,Cerambycidae,"['Gabon', 'Senegal']"
burgeoni Breuning,Cerambycidae,['']
edulis Karsch,Cerambycidae,['']
natala Thomson,Cerambycidae,['Botswana']
downesi Hope,Cerambycidae,['']
gigas Fabr.,Cerambycidae,"['Gabon', 'Senegal']"
frenatus Fåhraeus,Cerambycidae,['']
brachyptera Thomson,Cerambycidae,['Congo']
downesi (Hope),Cerambycidae,"['Mozambique', 'South Africa']"
itzingeri katangensis,Cerambycidae,['Congo']
confinus (Cast.),Cerambycidae,['Zambia']
maculatus (F.),Cerambycidae,['Zambia']
capensis (White),Cerambycidae,['Zambia']
aulicus Bertolini,Cerambycidae,"['Angola', 'Congo']"
equestris Boheman,Curculionidae,['South Africa']
plumbeus Guérin,Curculionidae,['South Africa']
"aloysii-sabaudiae
Camerano",Curculionidae,['']
monachus (Oliv.),Dryophthoridae,['Madagascar']
phoenicis (Fabr.),Dryophthoridae,"['Angola', 'Benin', 'Congo', 'Niger', 'Nigeria']"
distinctus Reg.,Dytiscidae,"['Congo', 'Senegal', 'Sierra Leone']"
hova Alluaud syn,Dytiscidae,['Madagascar']
owas Laporte,Dytiscidae,['Madagascar']
sticticus (L.),Dytiscidae,['Kenya']
latus (Fairm.),Dytiscidae,['Madagascar']
flabellicornis (L.),Elateridae,['']
senegalensis (Percheron),Hydrophilidae,['Senegal']
serricornis (Latr.) syn,Lucanidae,['Madagascar']
serricornis (Latr.),Lucanidae,['Madagascar']
centaurus (Fabr.),Scarabaeidae Dynastinae,['Congo']
bennigseni Brenske syn,"Scarabaeidae
Melolonthinae",['']
elephas (Gerstaecker),Scarabaeidae Melolonthinae,['']
abbreviata F.,"Scarabaeidae
Cetoniinae",['Benin']
impressa (Olivier),"Scarabaeidae
Cetoniinae",['Benin']
varians G. & P.,"Scarabaeidae
Cetoniinae",['Benin']
cacicus Ol.,"Scarabaeidae
Cetoniinae",['']
regius Klug,"Scarabaeidae
Cetoniinae",['']
cameronensis check,"Scarabaeidae
Cetoniinae",['']
goliathus L.,"Scarabaeidae
Cetoniinae",['']
meles (Billberger),"Scarabaeidae
Dynastinae","['Niger', 'Nigeria']"
anatina Brenske,"Scarabaeidae
Melolonthinae",['Zimbabwe']
mashona Arrow,"Scarabaeidae
Melolonthinae",['Zimbabwe']
nitidicollis Kolbe,"Scarabaeidae
Melolonthinae",['Zimbabwe']
boas (Fabr.),Scarabaeidae Dynastinae,"['Congo', 'Niger', 'Nigeria', 'South Africa']"
monoceros (Oliv.),"Scarabaeidae
Dynastinae",['South Africa']
nasicornis (Linn.),"Scarabaeidae
Dynastinae",['Madagascar']
owariensis Beauvois,Scarabaeidae Dynastinae,"['Congo', 'South Africa']"
cordata (Drury),"Scarabaeidae
Cetoniinae",['Benin']
"marginata aurantia
(Herbst)","Scarabaeidae
Cetoniinae",['']
vossi Kolbe,"Scarabaeidae
Cetoniinae",['Benin']
"nebulosa Polihronakis
check!","Scarabaeidae
Melolonthinae",['Ghana']
femoralis Kirby,"Scarabaeidea
Scarabaeina",['Zambia']
barbata Afzelius,"Scarabaeidea
Trichiinae",['Congo']
femoralis Klug,"Scarabaeidea
Rutelinae",['']
bouchardi Legrand,"Scarabaeidae
Cetoniinae",['Benin']
saussurei Giglio-Tos,Tarachodidae,['']
garuana Giglio-Tos,Thespidae,['']
edulis Edwards,Chaoboridae,['']
pallidipes Theob.,Chaoboridae,['Uganda']
kungu Kimm.,Caenidae,['Malawi']
adusta Navas,Polymitarcidae,"['Kenya', 'Uganda']"
fieberi Mayr,Belostomatidae,['Togo']
wahlbergi Stål,Coreidae,['Zimbabwe']
remipes Signoret,Coreidae,['Zimbabwe']
wahlbergi (Stål) syn,Coreidae,['Zimbabwe']
viduatus (Fabr.),Dinidoridae,"['Namibia', 'Sudan', 'Zimbabwe']"
versicolor (Fabr.),Pentatomidae,['Sudan']
robusta Distant,Pentatomidae,['Malawi']
viridula (L.),Pentatomidae,"['Niger', 'Nigeria']"
delegorguei Spin.,Tessaratomidae,"['South Africa', 'Zimbabwe']"
delegorguei (Spin.) syn,Tessaratomidae,['South Africa']
delegorguei (Spin.) syn,Tessaratomidae,"['South Africa', 'Zimbabwe']"
pallidus (Westwood),Tessaratomidae,['Zimbabwe']
afzelii Stål,Cicadidae,['Congo']
duplex Diabola,Cicadidae,['Congo']
horizontalis Karsch,Cicadidae,['Congo']
leopardina Distant,Cicadidae,"['Congo', 'Zambia', 'Zimbabwe']"
insignis Distant,Cicadidae,['Botswana']
furva Distant,Cicadidae,['Congo']
adouma Distant,Cicadidae,['Congo']
stridula (L.),Cicadidae,['Zambia']
radiata (Karsch),Cicadidae,['Congo']
giovanninae Boulard,Cicadidae,['Congo']
limbalis (Karsch),Cicadidae,"['Congo', 'Zambia']"
limbata (F.),Cicadidae,['Congo']
limbimacula (Karsch),Cicadidae,['Congo']
rosea Melichar,Flatidae,['Madagascar']
rubra Signoret syn,Flatidae,['Madagascar']
tenebrosa Fabr. syn,Fulgoridae,['Madagascar']
tenebrosa Fabr.,Fulgoridae,['Madagascar']
mopani Pettey,Psyllidae,['Botswana']
mopani (Pettey),Psyllidae,['Botswana']
mellifera adansoni Latr.,Apidae,"['Congo', 'Zambia']"
mellifera mellifera L.,Apidae,"['Botswana', 'Congo', 'Niger', 'Nigeria', 'Senegal', 'Zambia']"
nebulata (Smith),Apidae,['']
erythra (Schletterer),Apidae,['']
ferruginea (Lep.),Apidae,['']
richardsi (Darchen),Apidae,['Congo']
tescorum (Cockerell) syn,Apidae,['']
staudingeri (Gribodo),Apidae,['Congo']
gribodoi (Magretti),Apidae,['Congo']
ruspolii (Magretti),Apidae,['Senegal']
"beccarii africana
Stadelman",Apidae,['']
beccarii (Gribodo),Apidae,['']
gambiana Moure,Apidae,['Senegal']
bocandei (Spin.),Apidae,['Congo']
ferruginea (Lep.),Apidae,['']
"ferruginea gambiensis
Moure syn",Apidae,['Senegal']
lendliana (Friese),Apidae,['Congo']
nebulata (Smith),Apidae,['']
richardsi Darchen,Apidae,['Congo']
lendliana (Friese),Apidae,['Congo']
occidentalis Darchen,Apidae,['Senegal']
senegalensis Darchen,Apidae,['Senegal']
lignata (species group),Formicidae,"['Botswana', 'Mozambique', 'Namibia', 'Sudan', 'South Africa', 'Zambia', 'Zimbabwe']"
vidua Smith,Formicidae,"['Malawi', 'South Africa', 'Zambia', 'Zimbabwe']"
nigricans Illiger,Formicidae,['']
longinoda (Latr.),Formicidae,"['Congo', 'Chad']"
hebraeus F.,Vespidae,"['Madagascar', 'Mauritius']"
"mossambicus (Hagen)
syn",Hodotermitidae,['Botswana']
viator (Latr.),Hodotermitidae,['South Africa']
natalensis (Haviland),Termitidae,['']
amplus (Sjöstedt),Termitidae,['Congo']
bellicosus (Smeathman),Termitidae,"['Congo', 'Kenya', 'Liberia', 'Niger', 'Nigeria', 'Togo']"
falciger (Gerstäcker),Termitidae,"['Benin', 'South Africa', 'Zambia', 'Zimbabwe']"
michaelseni (Sjöstedt),Termitidae,"['Botswana', 'Malawi']"
"mossambicus (Hagen)
syn",Termitidae,['']
muelleri (Sjöstedt) syn,Termitidae,['Congo']
natalensis (Haviland),Termitidae,"['Congo', 'Niger', 'Nigeria', 'Zimbabwe']"
subhyalinus (Rambur),Termitidae,"['Angola', 'Burundi', 'Kenya', 'Togo', 'Zambia']"
swaziae (Fuller) syn,Termitidae,['South Africa']
vitrialatus (Sjöstedt),Termitidae,['Zambia']
badius (Haviland),Termitidae,"['Kenya', 'South Africa', 'Zambia']"
capensis (DeGeer),Termitidae,['South Africa']
kibarensis (Fuller),Termitidae,['Uganda']
"magdalenae Grassë &
Noirot",Termitidae,['']
militaris (Hagen),Termitidae,"['Angola', 'Kenya', 'Uganda']"
spiniger (Sjöstedt),Termitidae,"['Congo', 'Kenya', 'Uganda', 'Zambia']"
capensis DeGeer,Termitidae,['South Africa']
gabonensis Sjöstedt syn,Termitidae,['Congo']
lucina (Drury),Brahmaeidae,"['Angola', 'Congo', 'Gabon', 'South Africa', 'Zambia']"
laisalis (Walker),Crambidae,"['Niger', 'Nigeria']"
"madagacariensis
(Boisduval)Erebidae",Erebidae Arctiinae,['Madagascar']
variegata Rothschild,Eupterotidae,['South Africa']
edulis (Boisduval),Eupterotidae,['']
libeon (Druce),Hesperiidae,['Congo']
pallida Distant,Lasiocampidae,['South Africa']
cajani Vinson,Lasiocampidae,['Madagascar']
"madagascariensis
Boisduval",Lasiocampidae,['Madagascar']
jamesoni Bethune-Baker,Lasiocampidae,['Zambia']
postica Walker,Lasiocampidae,"['Botswana', 'South Africa', 'Zambia']"
aff. knoblauchi Dew.,Lasiocampidae,['']
robusta Aurivillius,Lasiocampidae,['Zimbabwe']
bilinea Walker,Lasiocampidae,['Zambia']
ethiopica (Bethune-Baker),Limacodidae,['Zambia']
poecilanthes (Collenette),Lymantriidae,['Congo']
fusca (Fuller),Noctuidae,['Zambia']
"armigera armigera
(Hübner)",Noctuidae,['Zambia']
prasinodes Prout,Noctuidae,['Congo']
chlorea (Cramer),Noctuidae,['Zambia']
exempta (Walker),Noctuidae,['Zambia']
exigua (Hübner),Noctuidae,['Zambia']
infracta Walsingham syn,"Notodontidae
Thaumetopoeinae",['Zambia']
panda (Boisduval),Notodontidae Thaumetopoeinae,"['Congo', 'Niger', 'Nigeria', 'Zimbabwe']"
reticulata Walker,"Notodontidae
Thaumetopoeinae","['Niger', 'Nigeria']"
venata Butler,Notodontidae Thaumetopoeinae,"['Niger', 'Nigeria', 'Sierra Leone', 'Zambia']"
insignata Gaede,Notodontidae,['Congo']
c.f. marshalli (Hampson),Notodontidae,['']
uniformis (Swinhoe),Notodontidae,['Congo']
lactea (Gaede),Notodontidae,['Congo']
carteri (Walsingham),"Notodontidae
Thaumetopoeinae","['Angola', 'Congo', 'Gabon', 'Zambia']"
diego Coquerel,Notodontidae,['Madagascar']
radama Coquerel,Notodontidae,['Madagascar']
cajani Vinson,Notodontidae,['Madagascar']
comma Hopffer,Notodontidae,['Zambia']
mediata Walker,Notodontidae,['Congo']
aramis Hewitson,Nymphalidae,['']
caenis (Drury),Nymphalidae,['Congo']
moddermanni Heylaerts,Psychidae,['']
malgassa Heylaerts,Psychidae,['Madagascar']
cervina Druce,Psychidae,"['Angola', 'Congo', 'Gabon']"
rougeoti Bourgogne,Psychidae,['Congo']
suraka (Boisd.),Saturniidae,['']
monippe,Saturniidae,['Gabon']
teffraria,Saturniidae,['Gabon']
mimosae (Boisduval),Saturniidae,['South Africa']
gigas (Sonthonnax),Saturniidae,['Congo']
semialba (Sonthonnax),Saturniidae,['Congo']
alcinoë (Stoll),Saturniidae,"['Congo', 'Gabon', 'South Africa', 'Zambia', 'Zimbabwe']"
aslauga Kirby,Saturniidae,['']
caffraria (Stoll),Saturniidae,"['Congo', 'Zimbabwe']"
aurantiaca (Rothschild),Saturniidae,"['Congo', 'Zambia']"
hyperbius (Westwood),Saturniidae,"['Congo', 'Zambia']"
forda (Westwood),Saturniidae,"['Burkina Faso', 'Congo', 'Niger', 'Nigeria', 'Zambia']"
butyrospermi (Vuillot),Saturniidae,"['Congo', 'Mali', 'Niger', 'Nigeria']"
bauhiniae (Guérin),Saturniidae,['Congo']
kuntzei (Dewitz),Saturniidae,"['Congo', 'Zimbabwe']"
ata Strand,Saturniidae,"['Congo', 'Malawi', 'Zambia']"
maja (Klug),Saturniidae,"['Malawi', 'Namibia', 'South Africa', 'Zambia']"
apollonia (Cramer),Saturniidae,['South Africa']
dyops (Maassen),Saturniidae,['']
marnois (Rogenhofer),Saturniidae,['']
agomensis (Karsch),Saturniidae,['Zambia']
alopia (Westwood),Saturniidae,['Congo']
anthina (Karsch),Saturniidae,['Congo']
aurantiaca (Rothschild),Saturniidae,['Congo']
belina (Westwood),Saturniidae,"['Malawi', 'South Africa', 'Zambia', 'Zimbabwe']"
butyrospermi Vuillot,Saturniidae,"['Congo', 'Mali', 'Niger', 'Nigeria', 'South Africa']"
cytherea (Fabr.),Saturniidae,['Zambia']
dione (Fabr.),Saturniidae,['Congo']
eblis Strecker syn,Saturniidae,['Congo']
epimethea (Drury),Saturniidae,"['Congo', 'Zambia']"
ertli Rebel,Saturniidae,"['Angola', 'Congo', 'Zimbabwe']"
forda Westwood,Saturniidae,['Congo']
hecate Rougeot,Saturniidae,['Congo']
macrothyris (Rothchild),Saturniidae,['Congo']
melanops (Bouvier),Saturniidae,['Congo']
nictitans (F.),Saturniidae,['Congo']
obscura Butler,Saturniidae,['Congo']
oyemensis (Rougeot) syn,Saturniidae,['Congo']
petiveri Guérin-M.,Saturniidae,['Congo']
rectilineata (Sonthoanax),Saturniidae,['Congo']
rhodina Rothsch.,Saturniidae,['Congo']
richelmanni Weymer,Saturniidae,['Congo']
rubra (Bouvier) syn,Saturniidae,"['Congo', 'Zambia']"
truncata Aurivillius,Saturniidae,['Congo']
tyrrhea (Cramer),Saturniidae,"['Congo', 'Namibia']"
wahlbergi Boisduval,Saturniidae,['Congo']
zambesina (Walker),Saturniidae,"['Congo', 'Zambia']"
angasana (Westwood),Saturniidae,"['Congo', 'Zambia']"
christyi (Sharpe),Saturniidae,['']
goodi (Holland),Saturniidae,['Congo']
phaedusa (Drury),Saturniidae,['Congo']
saturnus (F.),Saturniidae,"['Congo', 'Zambia']"
menippe (Westwood),Saturniidae,"['Gabon', 'South Africa']"
nereis (Rothchild),Saturniidae,['Congo']
parva (Rothchild),Saturniidae,"['Congo', 'Zambia']"
ansorgei (Rothchild),Saturniidae,['Congo']
cana (Aurivillius),Saturniidae,"['Congo', 'South Africa']"
herilla (Westwood),Saturniidae,['']
eblis (Strecker),Saturniidae,['Congo']
melanops (Bouvier),Saturniidae,['Congo']
discrepans (Butler),Saturniidae,['Congo']
arnobia (Westwood),Saturniidae,['Congo']
irius (F.),Saturniidae,['Namibia']
"pygmaea (Maassen &
Weyding)",Saturniidae,['Namibia']
marchii !! check,Saturniidae,['Gabon']
flavinata (Walker),Saturniidae,['Congo']
natalensis Felder,Saturniidae,['Congo']
sinope (Westwood),Saturniidae,"['Congo', 'Gabon', 'South Africa', 'Zimbabwe']"
"terpsichore (Maassen and
Weymer)",Saturniidae,"['Angola', 'Congo']"
"wallengrennii (Felder &
Felder)",Saturniidae,['Namibia']
atropos (L.),Sphingidae,['Congo']
convolvuli (L.),Sphingidae,"['Botswana', 'Zambia']"
fulvinotata (Butler),Sphingidae,['']
eson (Cramer),Sphingidae,['Congo']
dumolinii (Angas),Sphingidae,['Botswana']
comma Hopffer,Sphingidae,['Zambia']
stigmatica (Mabille),Sphingidae,"['Congo', 'Zambia']"
arteriosa (Burm.),Libellulidae,['Congo']
ruficornis (Fabr.),Acrididae,"['Congo', 'Malawi', 'Niger', 'Zambia', 'Zimbabwe']"
ruficornis citrina (Serville),Acrididae,"['Benin', 'Burkina Faso', 'Mali', 'Niger']"
clara (Walker),Acrididae,['']
glaucopsis (Walker),Acrididae,['']
nigrovariegata (Bolivar),Acrididae,['Zambia']
picta Krauss,Acrididae,['']
bicolor (Thunberg),Acrididae,['Zimbabwe']
"sulphuripennis
(Gerstäcker)",Acrididae,['Zambia']
turrita (L.),Acrididae,['']
strenua (Walker),Acrididae,['Niger']
blondeli Saussure,Acrididae,['Niger']
longipes (Charpentier),Acrididae,['Niger']
procera (Burmeister),Acrididae,['Congo']
"thalassinus thalassinus
(F.)",Acrididae,['Togo']
burri Dirsh & Uvarov,Acrididae,['']
wernerellum (Karny),Acrididae,['Niger']
melanorhodon (Walker),Acrididae,['Niger']
tryxalicerus (Fischer),Acrididae,['']
guttatus (Uvarov) syn,Acrididae,['Zambia']
nigropunctatus (Bolivar),Acrididae,['Zambia']
cymbiferus (Krauss),Acrididae,['']
fuscocoeruleipus Sjöstedt,Acrididae,['']
spissus Walker,Acrididae,['Congo']
ornata Karny,Acrididae,['Zambia']
quadratus (Walker),Acrididae,['']
compta (Walker),Acrididae,['Congo']
stenoptera (Schaum),Acrididae,['Congo']
haemorrhoidalis Krauss,Acrididae,['Niger']
aeruginosa (Stoll),Acrididae,"['Malawi', 'Niger', 'Nigeria', 'Zambia']"
tatarica (L.),Acrididae,"['Botswana', 'Zambia']"
axillaris (Thunberg),Acrididae,['Niger']
cylindricollis (Schaum),Acrididae,['Zambia']
modica (Karsch),Acrididae,['']
africanus (Saussure),Acrididae,"['Congo', 'Niger']"
"determinatus procerus
(Gerstäcker)",Acrididae,['Niger']
"procerus (Gerstäcker)
syn",Acrididae,['Niger']
quadratus (Walker),Acrididae,['']
stylifer (Krauss),Acrididae,['Niger']
coerulescens (Stal),Acrididae,['']
guineensis (Krauss),Acrididae,['Congo']
daganensis Krauss,Acrididae,['']
africanus Uvarov,Acrididae,['Benin']
punctipennis (Walker),Acrididae,"['Congo', 'Togo']"
tenuicornis (Schaum),Acrididae,['Niger']
angulifera (Krauss),Acrididae,"['Niger', 'Sudan']"
amabile (Krauss),Acrididae,['']
cucullata (Stoll),Acrididae,['Botswana']
migratoria capito Sauss.,Acrididae,['Madagascar']
migratoria migratorioides (R. & F.),Acrididae,"['Congo', 'Sudan', 'South Sudan', 'Zimbabwe']"
pardalina (Walker),Acrididae,"['South Africa', 'Zambia']"
abbreviatus (Beauvois),Acrididae,['']
gracilipes (Brancsik),Acrididae,['']
fasciata (Thunberg),Acrididae,['Togo']
septemfasciata (Serville),Acrididae,"['Congo', 'Malawi', 'South Africa', 'Zambia', 'Zimbabwe']"
nigeriensis Uvarov,Acrididae,['']
nigrofasciatus (De Geer),Acrididae,['Zambia']
senegalensis (Krauss),Acrididae,"['Niger', 'Sudan', 'Togo']"
cavroisi (Finot),Acrididae,"['Benin', 'Burkina Faso', 'Congo', 'Mali', 'Niger', 'Togo']"
cyanea (Stoll),Acrididae,['Zimbabwe']
"turbida cavroisi (Finot)
syn",Acrididae,"['Congo', 'Niger']"
humilicrus (Karsch),Acrididae,['Niger']
venosa (Ramme),Acrididae,['']
congoensis (Sjöstedt),Acrididae,['Congo']
spissus (Walker),Acrididae,['Congo']
tricolor (Thunberg),Acrididae,"['Lesotho', 'Malawi']"
notatus (Karsch),Acrididae,['Congo']
inspida (Karsch),Acrididae,['']
gregaria (Forskål),Acrididae,"['Botswana', 'Congo', 'Ethiopia', 'Sudan', 'Uganda', 'South Africa', 'Zambia']"
haningtoni Uvarov,Acrididae,['']
festivus Karsch,Acrididae,['']
johnstoni Dirsh,Acrididae,['']
constrictus (Schaum),Acrididae,['Zimbabwe']
gracilipes Brancsik,Acrididae,['']
brunneri Bolivar,Anostostomatidae,['Congo']
whellani Chopard,Anostostomatidae,['Zimbabwe']
whellani (Chopard),Anostostomatidae,['Zimbabwe']
membranaceus (Drury),Gryllidae,"['Benin', 'Congo', 'Niger', 'Nigeria']"
bimaculatus DeGeer,Gryllidae,"['Benin', 'Congo', 'Liberia', 'Niger', 'Nigeria', 'Sierra Leone', 'Togo', 'Zambia']"
africana Palisot,Gryllotalpidae,"['Uganda', 'Zimbabwe']"
senegalensis Krauss,Pyrgomorphidae,['']
uvarovi (Rehn),Pyrgomorphidae,['Congo']
viridipes brunneri Bolivar,Pyrgomorphidae,"['Botswana', 'Congo', 'South Africa', 'Zambia', 'Zimbabwe']"
cognata Krauss,Pyrgomorphidae,['']
vignaudi (Guérin-M.),Pyrgomorphidae,['']
elegans (Thunberg),Pyrgomorphidae,"['Mozambique', 'South Africa']"
variegatus (L.),Pyrgomorphidae,"['Congo', 'Ghana', 'Niger', 'Nigeria']"
erosa (Karsch),Tettigoniidae,['']
abortivus (Serville),Tettigoniidae,['Benin']
vicinus (Walker),Tettigoniidae,['']
differens (Serville),Tettigoniidae,"['Congo', 'Malawi', 'Zambia']"
nitidulis vicinus (Walker),Tettigoniidae,['']
edulis (Labil.),Nephilidae,['New Caledonia']
edulis (Labil.),Nephilidae,['New Caledonia']
spinicollis (McLeay),Cerambycidae,['Australia']
cibarius Newman,Cerambycidae,['Australia']
edulis Newman,Cerambycidae,['Australia']
flavipilis Thomson,Cerambycidae,['Australia']
australis odewahni,Cerambycidae,['Australia']
severus Pascoe,Cerambycidae,['']
costatus Montrouzier,Cerambycidae,['']
reticularis White,Cerambycidae,['New Zealand']
mandibularis Ritsema,Cerambycidae,['']
costatus (Montrouzier),Cerambycidae,['']
bilineatus (Montr.),Dryophthorinae,['']
ferrugineus (Oliv.),Dryophthorinae,['']
strigosus F.,Gyrinidae,['Australia']
viridiaeneus (Donovan),Scarabaeidae,['Australia']
vogeli Brenske,Scarabaeidae,['']
centaurus Sternberg,Scarabaeidae,['']
rhinoceros (L.),Scarabaeidae,['Solomon Islands']
festiva (F.),Scarabaeidae,['New Zealand']
gideon (L.),Scarabaeidae,['']
sternosticta W.-M.,Mantidae,['']
viridula (L.),Pentatomidae,['']
edulis Blöte,Tessaratomidae,['']
pomiformis Froggatt,Eriococcidae,['Australia']
pomiformis (Froggatt),Eriococcidae,['Australia']
acaciae (Maskell),Kerriidae,['Australia']
eucalypti (Dobson),Psyllidae,['Australia']
aurocinctus (Smith),Formicidae,['Australia']
consobrinus (Erichson),Formicidae,['Australia']
gasseri (Forel),Formicidae,['Australia']
inflatus Lubb.,Formicidae,['Australia']
bagoti Lubb.,Formicidae,['Australia']
cowlei Frogg. syn,Formicidae,['Australia']
midas Frogg.,Formicidae,['Australia']
pyriformis Smith,Formicidae,['Australia']
sanguinea Smith syn,Formicidae,['Australia']
smaragdina (F.),Formicidae,['Australia']
virescens (F.) syn,Formicidae,['Australia']
cyanauges Turner,Cossidae,['Australia']
amphiplecta (Turner),Cossidae,['Australia']
biarpiti (Tindale),Cossidae,['Australia']
cinereus (Tepper),Cossidae,['Australia']
encalypti H.-S.,Cossidae,['Australia']
leucomochla (Turner),Cossidae,['Australia']
lituratus (Don.),Cossidae,['Australia']
amphiplecta Turner,Cossidae,['Australia']
biarpiti Tindale,Cossidae,['Australia']
boisduvali Rothschild syn,Cossidae,['Australia']
encalypti H.-S.,Cossidae,['Australia']
leucomochla Turner,Cossidae,['Australia']
liturata Don.,Cossidae,['Australia']
marcidus Tindale,Hepialidae,['Australia']
virescens (Doubleday),Hepialidae,['New Zealand']
argyrosticha Turner,Hepialidae,['Australia']
atripalpis Walker,Hepialidae,['Australia']
argentata H.-S.,Hepialidae,['Australia']
infusa (Boisd.),Noctuidae,['Australia']
lunifer H.-S.,"Notodontidae
Thaumetopoeinae",['Australia']
eremophilae (Lucas),Sphingidae,['Australia']
livornicoides Lucas,Sphingidae,['Australia']
patroclus goldiei Druce,Uranidae,['']
terminifera (Walker),Acrididae,['Australia']
migratoria (L.),Acrididae,['']
irregularis (Walk.),Acrididae,['']
commodus (Walker),Gryllacridae,['Australia']
horrida Boisduval,Phasmatidae,['']
tiaratum (MacLeay),Phasmatidae,['']
spiculatus Lec.,Cerambycidae,['']
maculosus Hald.,Cerambycidae,['']
scutellatus (Say),Cerambycidae,['']
conjunctus (LeConte),Cerambycidae,['']
californicus Motsch.,Cerambycidae,['']
lineatum (Ol.),Cerambycidae,['']
nauticus (Mann.),Cerambycidae,['']
cruentatus (F.),Curculionidae,['']
ellipticus Le Conte,Dytiscidae,['']
explanatus LeConte,Dytiscidae,['']
borealis Arrow,Scarabaeidae,['']
dimidiata Burmeister syn,Scarabaeidae,['']
melanocephala (F.),Scarabaeidae,['']
villosa Burm. syn,Scarabaeidae,['']
fusca (Froelich),Scarabaeidae,['']
crinita LeConte,Scarabaeidae,['']
cinerea Jones,Ephydridae,['']
hians Say,Ephydridae,['']
macellaria Egger,Ephydridae,['']
hians Say,Ephydridae,['']
bovis (L.),Oestridae,['']
lineatum (Viller),Oestridae,['Canada']
tarandi (L.),Oestridae,['']
tarandi (L.),Oestridae,['']
hespera Arnaud & B.,Tipulidae,['']
rubiginosa Loew syn,Tipulidae,['']
derbyi Doane,Tipulidae,['']
quaylii Doane,Tipulidae,['']
simplex Doane,Tipulidae,['']
americanus (Leidy),Belostomatidae,['']
pruni (Geoffr.),Aphididae,['']
apache (Davis),Cicadidae,['']
cassini (Fisher),Cicadidae,['']
septemdecim (L.),Cicadidae,['']
septendecula (A. & M.),Cicadidae,['']
tredecassini ( A. & M.),Cicadidae,['']
tredecim (Riley),Cicadidae,['']
tredecula (A. & M.),Cicadidae,['']
bella Davis,Cicadidae,['']
cruentifera (Uhler),Cicadidae,['']
areolata (Uhler),Cicadidae,['']
appositus Cresson,Apidae,['']
nevadensis Cresson,Apidae,['']
"terricola occidentalis
Greene",Apidae,['']
vosnesenskii Radoszk.,Apidae,['']
maculatus (F.),Formicidae,['']
pennsylvanicus De Geer,Formicidae,['']
melliger Forel,Formicidae,['']
mexicanus Wesmael,Formicidae,['']
californicus (Buckley),Formicidae,['']
desertorum Wheeler,Formicidae,['']
occidentalis (Cresson),Formicidae,['']
owyheei Cole syn,Formicidae,['']
salinus Olsen,Formicidae,['']
arenaria (F.),Vespidae,['']
diabolica Saussure syn,Vespidae,['']
pennsylvanica (Saussure),Vespidae,['']
tibialis Banks,Rhinotermitidae,['']
caja americana Harris,Arctiidae,['']
yuccae Boisd. & LeC.,Hesperiidae,['']
zea (Boddie),Noctuidae,['']
zea (Boddie),Noctuidae,['']
fortis (Grote),Noctuidae,['']
frugiperda (Smith),Noctuidae,['']
pandora Blake,Saturniidae,['']
euryalus (Boisd.),Saturniidae,['']
lineata (F.),Sphingidae,['']
sexta (L.),Sphingidae,['']
multicolor (Hagen),Aeschnidae,['']
pseudonietana (Thomas),Acrididae,['']
pellucidae (Scudder),Acrididae,['']
bivittatus (Say),Acrididae,['']
devastator Scudder,Acrididae,['']
differentialis (Thomas),Acrididae,['']
femurrubrum (DeGeer),Acrididae,['']
sanguinipes (F.),Acrididae,['']
spretus (Walsh),Acrididae,['Canada']
enigma (Scudder),Acrididae,['']
shoshone (Thomas),Acrididae,['']
fuscus Haldeman,Gryllacrididae,['']
assimilis (F.),Gryllidae,['']
simplex Haldeman,Tettigoniidae,['']
californica Newport,Pteronarcydae,['']
venatoria Latreille,Sparassidae,['']
"waikoshiemi Bertani &
Araújo",Therahosidae,['']
blondi (Latreille),Therahosidae,['']
gigantea L.,Bupestidae,"['Brazil', 'Colombia', 'Mexico']"
curvata Chevr.,Carabidae,['Mexico']
roseiventris Chevr.,Carabidae,['Mexico']
longimanus (L.),Cerambycidae,"['Colombia', 'Mexico']"
tribulus (F.),Cerambycidae,['']
spinosus (Newman),Cerambycidae,['Mexico']
c.f. rusticus (L.),Cerambycidae,['Mexico']
"rusticus montanus
(LeConte)",Cerambycidae,['Mexico']
barbatus (F.),Cerambycidae,['Mexico']
procerus Thomson,Cerambycidae,['Mexico']
stigmatica Chevr.,Cerambycidae,['Mexico']
maxillosum (Drury),Cerambycidae,['Mexico']
rogersi (Bates),Cerambycidae,['Mexico']
cervicornis (L.),Cerambycidae,"['Brazil', 'Ecuador', 'Guyana', 'Jamaica', 'Paraguay']"
molarius Bates,Cerambycidae,['Mexico']
sp. cer. molarius Bates,Cerambycidae,['Mexico']
cer. maxillosus (Drury),Cerambycidae,['Mexico']
maxillosus (Drury),Cerambycidae,['Mexico']
mexicana (Sturm),Cerambycidae,['Mexico']
atys White,Cerambycidae,['Ecuador']
cacicus White,Cerambycidae,['Ecuador']
erythrocerus Reiche,Cerambycidae,['Ecuador']
modestus Fries,Cerambycidae,['Ecuador']
damicornis (L.),Cerambycidae,"['Brazil', 'Guyana']"
maxillosus (Drury),Cerambycidae,['Mexico']
molarius (Bates),Cerambycidae,['Mexico']
pini Chevr.,Cerambycidae,['Mexico']
mexicana Jacoby,Chrysomelidae,['Mexico']
decemlineata Say,Chrysomelidae,['Mexico']
serripes (Sturm),"Chrysomelidae
Bruchinae",['']
(scheelaea Bridwell?),"Chrysomelidae
Bruchinae",['Colombia']
cardo (Fahr.),"Chrysomelidae
Bruchinae",['Brazil']
nucleorum (F.),"Chrysomelidae
Bruchinae",['Brazil']
giganteus (Chevrolat),"Chrysomelidae
Bruchinae",['']
sordidus (Germar),Curculionidae,['Ecuador']
acupunctatus Gyll. syn,Curculionidae,['Mexico']
interstitialis Gyll.,Curculionidae,['Mexico']
borassi (F.),"Curculionidae
Dryophthorinae",['Ecuador']
nitidulus (Guérin),"Curculionidae
Dryophthorinae",['Ecuador']
cinnamominus Champ.,"Curculionidae
Dryophthorinae",['Ecuador']
dimidiatipennis (Jekel),"Curculionidae
Dryophthorinae",['Ecuador']
hemipterus (L.),"Curculionidae
Dryophthorinae","['Ecuador', 'Peru']"
spinolae (Gyll.),"Curculionidae
Dryophthorinae",['Mexico']
barbirostris (F.),"Curculionidae
Dryophthorinae","['Brazil', 'Peru']"
cruentatus Fabr.,"Curculionidae
Dryophthorinae",['Mexico']
palmarum (L.),Curculionidae Dryophthorinae,"['Brazil', 'Barbados', 'Ecuador', 'Mexico']"
explanatus LeConte,Dytiscidae,['Mexico']
fimbriolatus (Say),Dytiscidae,['Mexico']
flavocinctus Aubé,Dytiscidae,['Mexico']
occidentalis Aubé,Dytiscidae,['Mexico']
habilis Say,Dytiscidae,['Mexico']
marginicollis LeConte,Dytiscidae,['Mexico']
apicalis Sharp syn,Dytiscidae,['Mexico']
fasciatus Aubé,Dytiscidae,['Mexico']
giganteus (Laporte),Dytiscidae,['Mexico']
atricolor (Aubé),Dytiscidae,['Mexico']
consimilis Motsch.,Dytiscidae,['Mexico']
basilaris (Harris),Dytiscidae,['Mexico']
marmoratus (Gray),Dytiscidae,['Mexico']
lafargi Chevrolat,Elateridae,['Mexico']
rugatus Cand.,Elateridae,['Mexico']
mexicanus (Champ.),Elateridae,['Mexico']
mexicana Cand.,Elateridae,['Mexico']
mexicanus Champ. ? syn,Elateridae,['Mexico']
pellucens Esch.,Elateridae,['Mexico']
chilensis (Germain),Elmidae,"['Chile', 'Peru']"
condimentarius (Philippi),Elmidae,"['Chile', 'Peru']"
parcus Say,Gyrinidae,['Mexico']
plicatus Régimb.,Gyrinidae,['Mexico']
punctatus Aubé,Haliplidae,['Mexico']
mexicanus (Wehncke),Haliplidae,['Mexico']
ovalis Zimm.,Haliplidae,['Mexico']
guidonis Marseul,Histeridae,['Mexico']
mexicanus Lap.,Hydrophilidae,"['Mexico', 'Panama']"
sublaevis (LeC.),Hydrophilidae,['Mexico']
tinctus Sharp,Hydrophilidae,['Mexico']
virescens F.,Lucanidae,['Mexico']
virescens (F.),Lucanidae,['Mexico']
feisthamelii (Guërin),Lucanidae,['Ecuador']
lindenii Murray,Lucanidae,['Ecuador']
"metallifer Bomans &
Lacroix",Lucanidae,['Ecuador']
dugesi Champ.,Meloidae,['Mexico']
laevis Leach,Meloidae,['Mexico']
nebulosus Champ.,Meloidae,['Mexico']
yucatanus Bates,Passalidae,['Mexico']
striatopunctatus Perch.,Passalidae,['Mexico']
yucatanus Bates,Passalidae,['Mexico']
zodiacus Truq.,Passalidae,['Mexico']
rimator Truqui,Passalidae,['Mexico']
interruptus L.,Passalidae,['Suriname']
interstitialis Esch.,Passalidae,['Mexico']
punctiger Lep. & Serv.,Passalidae,['Mexico']
puntatostriatus Perch.,Passalidae,['Mexico']
af. punctiger Lep. & Serv.,Passalidae,['Mexico']
leachi MacLeay,Passalidae,['Mexico']
striatopunctatus (Perch.),Passalidae,['Mexico']
yucatanus (Bates),Passalidae,['Mexico']
zodiacus (Truq.),Passalidae,['Mexico']
corticicola (Truq.),Passalidae,['Mexico']
sinuosus (Drapiez),Passalidae,['Colombia']
castanea Erichson,Scarabaeidae,['Ecuador']
jamesoni Murray,Scarabaeidae,['Ecuador']
vulgaris Arrow,Scarabaeidae,['Ecuador']
"humectus hidalgoensis
Bates",Scarabaeidae,['Mexico']
macropus (Franc.),Scarabaeidae,['Mexico']
antisanae Bates,Scarabaeidae,['Ecuador']
biloba (L.),Scarabaeidae,['Ecuador']
mutabilis Gory & Perch.,Scarabaeidae,['Mexico']
capitata Hohne,Scarabaeidae,['Mexico']
fasciolata Bates,Scarabaeidae,['Mexico']
guttata Bates,Scarabaeidae,['Mexico']
burmeisteri Reiche,Scarabaeidae,['Ecuador']
hercules (L.),Scarabaeidae,"['Brazil', 'Ecuador', 'Mexico']"
hyllus Chev.,Scarabaeidae,['Mexico']
pan (F.),Scarabaeidae,['Mexico']
nigrum (Ohaus),Scarabaeidae,['Brazil']
goliathus Zucht.,Scarabaeidae,['Mexico']
aegeon (Drury),Scarabaeidae,['Ecuador']
eacus Burmeister,Scarabaeidae,['Ecuador']
imperialis Thomson,Scarabaeidae,['Mexico']
tersander Burmeister,Scarabaeidae,['Mexico']
unicolor (Bates),Scarabaeidae,['Ecuador']
bourcieri Guërin,Scarabaeidae,['Ecuador']
ocellatus Burm.,Scarabaeidae,['Mexico']
dimidiatus Guér.,Scarabaeidae,['Mexico']
leneatus Chev.,Scarabaeidae,['Mexico']
crassum Prell,Scarabaeidae,"['Colombia', 'Peru']"
actaeon (L.),Scarabaeidae,['Brazil']
anubis (Chevrolat),Scarabaeidae,['Brazil']
elephas (F.),Scarabaeidae,['Mexico']
"elephas occidentalis B. &
P.",Scarabaeidae,['Mexico']
hector Gory syn,Scarabaeidae,['Brazil']
nigricauda Bates,Scarabaeidae,['Ecuador']
mexicana (Blanch.),Scarabaeidae,['Mexico']
rubella (Bates),Scarabaeidae,['Mexico']
rugipennis (Schaufuss),Scarabaeidae,['Mexico']
forcipales Ohaus,Scarabaeidae,['Ecuador']
lutescens Blanchard,Scarabaeidae,['Ecuador']
parva Kirsch,Scarabaeidae,['Ecuador']
rufosignata Ohaus,Scarabaeidae,['Ecuador']
agenor (Ol.),Scarabaeidae,['Colombia']
aloeus aloeus (L.),Scarabaeidae,['Mexico']
aloeus julianus Burm.,Scarabaeidae,['Mexico']
fallaciosus Kolbe,Scarabaeidae,['Mexico']
corniger Bates,Scarabaeidae,['Mexico']
ensifer Bates,Scarabaeidae,['Mexico']
furcatus Burm.,Scarabaeidae,['Mexico']
teuthras Bates,Scarabaeidae,['Mexico']
thestalus Bates,Scarabaeidae,['Mexico']
rugulosus Say,Staphylinidae,['Mexico']
blapoides Esch.,Tenebrionidae,['Mexico']
spinipes Sol.,Tenebrionidae,['Mexico']
molitor L.,Tenebrionidae,['Mexico']
castaneum (Herbst),Tenebrionidae,['Mexico']
confusum Du Val,Tenebrionidae,['Mexico']
dermestoides (Fairm.),Tenebrionidae,['Brazil']
morio F.,Tenebrionidae,['Mexico']
jourdani Sallé,Zopheridae,['Mexico']
mexicanus Gray,Zopheridae,['Mexico']
germanica (L.),Ectobiidae,['Mexico']
americana L.,Blattidae,"['Brazil', 'Mexico']"
australasia (Fab.),Blattidae,['Mexico']
craniifer Burm.,Blattidae,['Mexico']
melanogaster Meigen,Drosophilidae,['Mexico']
hians Say,Ephydridae,['Mexico']
tibialis Cresson,Ephydridae,['Mexico']
domestica L.,Muscidae,['Mexico']
rubrithorax Lutz,Simuliidae,['Brazil']
anna (Williston),Syrphidae,['Mexico']
haagii (Jaennicke),Syrphidae,['Mexico']
ludens (Loew),Tephritidae,['Mexico']
dilatutus (Say),Belostomatidae,['Mexico']
ovatus Stal,Belostomatidae,['Mexico']
micantulum (Stal),Belostomatidae,['']
luctuosa Stal,Coreidae,['Mexico']
gigas (Klug),Coreidae,['Mexico']
edulis (Champion),Corixidae,['Mexico']
mercenaria (Say),Corixidae,['Mexico']
texcocana Jacz.,Corixidae,['Mexico']
abdominalis (Say),Corixidae,['Mexico']
bimaculata (Guérin),Corixidae,['Mexico']
azteca (Jacz.),Corixidae,['Mexico']
femorata Guér.,Corixidae,['Mexico']
reclinata (Germar),Membracidae,['Mexico']
stali La Rivers,Naucoridae,['']
usingeri La Rivers,Naucoridae,['']
cf. minutus De Carlo,Naucoridae,['']
unifasciata Guér.,Notonectidae,['Mexico']
taxcoensis Ancona,Pentatomidae,['Mexico']
tenebrosa Walker,Pentatomidae,['Mexico']
sufultus (Distant),Pentatomidae,['Mexico']
conspersa Stal,Pentatomidae,['Mexico']
cordifera (Walker),Pentatomidae,['Mexico']
mexicana Stal,Pentatomidae,['Mexico']
montezuma Distant,Pentatomidae,['Mexico']
petersii Distant,Pentatomidae,['Mexico']
rufomarginata (DeGeer),Pentatomidae,['Mexico']
taxcoensis (Ancona),Pentatomidae,['Mexico']
crenator (F.),Pentatomidae,['Mexico']
lineatus Walk,Pentatomidae,['Mexico']
strenuus Stal,Pentatomidae,['Mexico']
notulata (H.-S.),Pentatomidae,['Mexico']
fasciata (Haglund),Pentatomidae,['Mexico']
punctulatus (Palisot),Pentatomidae,['Mexico']
montezuma Distant,Cicadidae,['Mexico']
picea (Walker),Cicadidae,['Mexico']
gigas (Olivier),Cicadidae,['Mexico']
montezuma (Distant),Cicadidae,['Mexico']
pruinosa (Say),Cicadidae,['Mexico']
postica (Walker),Cercopidae,['Mexico']
confusus (Cockerell),Dactylopidae,['Mexico']
indicus Green,Dactylopidae,['Mexico']
coccus Costa,Dactylopiidae,['Mexico']
tomentosus Lamarck,Dactylopiidae,['Mexico']
expensa Germar,Membracidae,['Mexico']
monogramma Germar,Membracidae,['Mexico']
orizabae Fowler,Membracidae,['Mexico']
reclinata Germar,Membracidae,['Mexico']
spinosa (F.),Membracidae,"['Brazil', 'Colombia', 'Ecuador']"
fimbriata Distant,Tibicinidae,['Ecuador']
mellifera L.,Apidae,['']
atratus Franklin,Apidae,['Ecuador']
diligens Smith,Apidae,['Mexico']
ecuadorius Meunier,Apidae,['Ecuador']
ephippiatus Say,Apidae,['Mexico']
formosus Smith syn,Apidae,['Mexico']
funebris Smith,Apidae,['Ecuador']
medius Cresson,Apidae,['Mexico']
robustus Smith,Apidae,['Ecuador']
rufocinctus Cresson,Apidae,['Mexico']
capitata (Smith),Apidae,['Brazil']
femorata (Smith),Apidae,['Brazil']
zexmemiae (Cockerel),Apidae,['Mexico']
ghilianii (Spinola),Apidae,['Brazil']
schrottkyi (Friese),Apidae,['Brazil']
nigra (Lepeletier),Apidae,['Mexico']
silvestrii (Friese),Apidae,['Brazil']
acapulconis (Strand),Apidae,['Mexico']
"argentina Camargo &
Moure",Apidae,['Argentina']
mombuca (Smith),Apidae,['Brazil']
chamelensis Ayala,Apidae,['Mexico']
limao (Smith),Apidae,"['Brazil', 'Mexico']"
niitkip Ayala,Apidae,['Mexico']
asilvai Moure,Apidae,['Brazil']
atratula Ill. syn,Apidae,['Brazil']
beecheii Bennett,Apidae,['Mexico']
bicolor Lep.,Apidae,['Brazil']
bicolor schencki Gribodo,Apidae,['Brazil']
bilineata Sm,Apidae,['Brazil']
compressipes (Fabr.),Apidae,['Brazil']
compressipes fasciculata Smith,Apidae,['Brazil']
crinita Moure & Kerr,Apidae,['Brazil']
dorsalis Smith,Apidae,['Brazil']
eburnea fuscopilosa,Apidae,['Brazil']
fasciata Latr.,Apidae,['Mexico']
fasciata guerreroensis,Apidae,['Mexico']
fasciata scutellaris Latr.,Apidae,['Brazil']
grandis Guérin,Apidae,['Brazil']
interrupta Latr.,Apidae,['Brazil']
mandacaia Smith,Apidae,['Brazil']
marginata Lep.,Apidae,['Brazil']
melanoventer Schwarz,Apidae,['Brazil']
nigra Lep. syn,Apidae,['Brazil']
obscurior Moure,Apidae,['']
orbignyi (Guérin),Apidae,['Argentina']
"pseudocentris
pseudocentris Cock.",Apidae,['Brazil']
quadrifasciata Lep.,Apidae,['Brazil']
rufiventris Lep.,Apidae,['Brazil']
schencki picadensis Strand,Apidae,['Brazil']
schencki schencki Gribodo,Apidae,['Brazil']
schwarzi Moure,Apidae,['Brazil']
scutellaris Latr.,Apidae,"['Brazil', 'Mexico']"
seminigra merrillae Cock.,Apidae,['Brazil']
solani Cock.,Apidae,['Brazil']
perilampoides (Cresson),Apidae,['Mexico']
testaceicornis (Lep.),Apidae,"['Brazil', 'Mexico']"
obscura (Friese),Apidae,['Brazil']
tataira (Smith),Apidae,['Brazil']
"glabella Camargo &
Moure",Apidae,['Argentina']
bilineata (Say),Apidae,['Mexico']
cf. cupira (Smith),Apidae,['Brazil']
orizabaensis (Strand),Apidae,['Mexico']
catamarcensis,Apidae,['Argentina']
emerina (Friese),Apidae,['Brazil']
frontalis (Friese),Apidae,['Mexico']
mexica Ayala,Apidae,['Mexico']
molesta (Puls),Apidae,['Argentina']
mosquito (Smith),Apidae,['Brazil']
remota (Holmb.),Apidae,['Brazil']
lurida (Smith),Apidae,['Brazil']
hellwegeri (Friese),Apidae,['Mexico']
jujuyensis (Schrottky),Apidae,['Argentina']
mexicana Guérin,Apidae,['Mexico']
nigro hirta Moure,Apidae,['Brazil']
nigrohirta (Moure),Apidae,['Brazil']
pectoralis (Dalla Torre),Apidae,['Mexico']
polystica (Moure),Apidae,['Brazil']
postica (Latreille),Apidae,['Brazil']
tubiba (Smith),Apidae,['Brazil']
xanthotricha (Moure),Apidae,['Brazil']
quadripunctata (Lep.),Apidae,['']
dorsalis (Smith),Apidae,['Brazil']
clavipes (F.),Apidae,"['Brazil', 'Colombia']"
angustula (Latr.),Apidae,"['Brazil', 'Ecuador']"
fiebrigi (Schwarz),Apidae,['']
branneri Cockerell,Apidae,['Brazil']
chanchamayoensis Schwarz,Apidae,['Brazil']
cilipes F.,Apidae,['Brazil']
clavipes (F.),Apidae,"['Brazil', 'Colombia']"
dallatorreana Friese,Apidae,['Brazil']
flaveola Cock.,Apidae,['Brazil']
fulviventris Guérin-M.,Apidae,"['Brazil', 'Mexico']"
fuscipennis Friese,Apidae,['Mexico']
geniculata Ill.,Apidae,['Brazil']
ghilianii (Spinola),Apidae,['Brazil']
hyalinata (Lepeletier),Apidae,['Brazil']
hypogea Silvestri,Apidae,['Brazil']
jaty Smith,Apidae,['Mexico']
leucogaster Cockerell,Apidae,['Brazil']
mombuca Smith,Apidae,['Brazil']
muscaria G. syn ?,Apidae,['Brazil']
nigra nigra Cresson,Apidae,['Mexico']
recursa Smith,Apidae,['Brazil']
silvestrii Friese,Apidae,['Brazil']
spinipes (F.),Apidae,['Brazil']
trinidadensis (Prov.),Apidae,['Colombia']
pipioli Ayala,Apidae,['Mexico']
schultessi (Friese),Apidae,['Mexico']
ordinaria Smith,Apidae,['Argentina']
gillettei (Rohwer),Diprionidae,['Mexico']
octospinosus (Reich),Formicidae,['Mexico']
rugosus (Smith),Formicidae,['Mexico']
bisphaerica Forel syn,Formicidae,['Brazil']
capiguara Goncalves,Formicidae,['Brazil']
cephalotes (L.),Formicidae,"['Brazil', 'Colombia', 'Ecuador', 'Guyana', 'Honduras', 'Mexico', 'Nicaragua']"
laevigata (Smith),Formicidae,['Colombia']
mexicana (Smith),Formicidae,['Mexico']
opaciceps Borgmeier syn,Formicidae,['Brazil']
sexdens (L.),Formicidae,"['Brazil', 'Colombia', 'Ecuador']"
texana Buckley,Formicidae,['Mexico']
"maculatus dumetorum
Wheeler",Formicidae,['Mexico']
atratus (L.),Formicidae,['Peru']
burchellii (Westwood),Formicidae,['']
apiculatum Mayr,Formicidae,['Mexico']
"apiculatum luctuosum
Wheeler",Formicidae,['Mexico']
melliger Forel,Formicidae,['Mexico']
mexicanus Wesmael,Formicidae,['Mexico']
barbatus (Smith),Formicidae,['Mexico']
formosus (Ohaus),Tenthredinidae,['Brazil']
angulata (F.),Vespidae,['Colombia']
areata (Say),Vespidae,['Mexico']
baezae (Richards),Vespidae,['Ecuador']
corneliana (Richards),Vespidae,['Ecuador']
lobipleura (Richards),Vespidae,['Ecuador']
ornata (Ducke),Vespidae,['Ecuador']
pallipes (Olivier),Vespidae,['Peru']
panamensis (Cameron),Vespidae,['Mexico']
paraensis (Spinola),Vespidae,['Ecuador']
pallens (F.),Vespidae,"['Brazil', 'Ecuador']"
pallida (Oliv.),Vespidae,['Ecuador']
strigata Richards,Vespidae,['Ecuador']
thoracica Buysson,Vespidae,['Colombia']
azteca (Sauss.),Vespidae,['Mexico']
lecheguana (Latr.),Vespidae,"['Brazil', 'Ecuador', 'Mexico']"
mellifica (Say),Vespidae,['Mexico']
wagnerianus (Saussure),Vespidae,['Ecuador']
media Cooper,Vespidae,['Brazil']
"quadrimaculata (Gribodo)
sensu Richards",Vespidae,['Brazil']
basimacula (Cameron),Vespidae,['Mexico']
cubensis (Saussure),Vespidae,['Mexico']
pallidipectus (Smith),Vespidae,['Mexico']
rotundicollis (Cameron),Vespidae,['Ecuador']
tomentosus Zikan,Vespidae,['Ecuador']
dimidiata Saussure,Vespidae,['Ecuador']
apicalis (F.),Vespidae,['Mexico']
apicalis Saussure,Vespidae,['Mexico']
bicolor Lep.,Vespidae,['Ecuador']
canadensis (L.),Vespidae,['Mexico']
carnifex (F.),Vespidae,['Mexico']
cavapita (Saussure),Vespidae,['Argentina']
deceptor Schulz,Vespidae,['Ecuador']
dorsalis (F.),Vespidae,['Mexico']
erythrocephalus Latr.,Vespidae,['Colombia']
instabilis Sauss.,Vespidae,['Mexico']
kaibabensis Hayward,Vespidae,['Mexico']
major Beauv.,Vespidae,['Mexico']
occipitalis Ducke,Vespidae,['Ecuador']
pacificus F.,Vespidae,['Colombia']
testaceicolor Bequart,Vespidae,['Ecuador']
versicolor (Ol.),Vespidae,"['Argentina', 'Colombia']"
modestes Smith,Vespidae,['Mexico']
aequatorialis Zavattari,Vespidae,['Ecuador']
